img_name	threshold	True Positive	% TP	True Negative	% TN	False Positive	% FP	False Negative	% FN	Dice	Accuracy	IoU	Precision	Recall
000003_10.png	0.1	89143	19.683580639462992	325387	71.84839251015721	24497	5.4091591591591595	13853	3.0588676912206325	0.8229749441459406	0.915319731496202	0.915319731496202	0.7844332981344597	0.8654996310536331
000003_10.png	0.2	86572	19.115880586468823	334946	73.95910616498851	14938	3.2984455043278573	16424	3.626567744214803	0.8466450862077396	0.9307498675145734	0.9307498675145734	0.8528420845236923	0.8405374966018098
000003_10.png	0.3	84292	18.61243596537714	340446	75.17355590885002	9438	2.083995760466349	18704	4.130012365306483	0.8569482427335482	0.9378599187422717	0.9378599187422717	0.8993065187239945	0.818400714590858
000003_10.png	0.4	82222	18.155361243596538	343266	75.79623741388447	6618	1.4613142554319025	20774	4.587087087087087	0.8572113680435371	0.9395159865748101	0.9395159865748101	0.9255065285907249	0.7983028467124937
000003_10.png	0.5	79531	17.56116410528175	345435	76.27517223105458	4449	0.9823794382617912	23465	5.181284225401872	0.8507081122710937	0.9383633633633633	0.9383633633633633	0.947023100738271	0.7721756184706202
000003_10.png	0.6	76953	16.99191838897721	346747	76.56487369722664	3137	0.6926779720897368	26043	5.750529941706413	0.8406213473449635	0.9355679208620385	0.9355679208620385	0.9608315644899488	0.7471455202143773
000003_10.png	0.7	73853	16.307410351528	347247	76.67527821939586	2637	0.5822734499205088	29143	6.435037979155626	0.822938836455211	0.9298268857092387	0.9298268857092387	0.9655249052163681	0.7170472639714164
000003_10.png	0.8	69341	15.311119943472885	347695	76.77420067125949	2189	0.4833509980568804	33655	7.4313283872107405	0.7946208587832185	0.9208532061473238	0.9208532061473238	0.9693974556130295	0.6732397374655327
000003_10.png	0.9	55641	12.286036036036036	349025	77.06787670022965	859	0.18967496908673379	47355	10.456412294647588	0.6977102874053268	0.8935391273626567	0.8935391273626567	0.9847964601769912	0.5402248631014797
000010_10.png	0.1	123017	27.163266207383856	290749	64.20000883236177	26192	5.783430489312842	12922	2.8532944709415298	0.8628291273303688	0.9136327503974563	0.9136327503974563	0.8244609909589904	0.9049426581040025
000010_10.png	0.2	122132	26.96785020314432	296864	65.55025613849143	20077	4.433183183183183	13807	3.048710475181063	0.8781799617469837	0.9251810634163575	0.9251810634163575	0.8588204684654277	0.8984323851139114
000010_10.png	0.3	121417	26.809971736442325	299249	66.07688570923865	17692	3.906553612435965	14522	3.2065889418830595	0.8828786248218493	0.9288685744568097	0.9288685744568097	0.8728191562012523	0.8931726730371711
000010_10.png	0.4	118888	26.25154566331037	301150	66.49664370252606	15791	3.4867956191485603	17051	3.765015015015015	0.8786407408228573	0.9274818936583642	0.9274818936583642	0.8827508371758032	0.8745687403909106
000010_10.png	0.5	117544	25.954778307719483	303106	66.92854619325207	13835	3.05489312842254	18395	4.0617823706059	0.8794319873708467	0.9288332450097156	0.9288332450097156	0.8946939769673996	0.8646819529347722
000010_10.png	0.6	115763	25.561517399752695	304225	67.1756315138668	12716	2.8078078078078077	20176	4.45504327857269	0.8756060479997579	0.927371489136195	0.927371489136195	0.9010266269195744	0.8515804883072554
000010_10.png	0.7	111587	24.6394188305953	305869	67.53864158275923	11072	2.444797738915386	24352	5.377141847730083	0.863015181865289	0.9217806041335453	0.9217806041335453	0.9097334887778312	0.8208608272828254
000010_10.png	0.8	102316	22.592298180533476	308118	68.03524112347641	8823	1.9481981981981982	33623	7.42426249779191	0.8282080962287213	0.906275393040099	0.906275393040099	0.9206129261555349	0.7526611200612039
000010_10.png	0.9	90120	19.899311075781664	310362	68.53073661897191	6579	1.4527027027027026	45819	10.11724960254372	0.7747659453743585	0.8843004769475358	0.8843004769475358	0.9319641361337759	0.6629444088892812
000016_10.png	0.1	166439	36.75123653064829	260759	57.577945592651474	14380	3.175234057586999	11302	2.495583819113231	0.9283746095493084	0.9432918212329977	0.9432918212329977	0.9204729591469923	0.9364130954591231
000016_10.png	0.2	164754	36.379173290938	263204	58.117823706059	11935	2.6353559441794734	12987	2.8676470588235294	0.9296842818045876	0.94496996996997	0.94496996996997	0.9324519353213839	0.926933009266292
000016_10.png	0.3	162644	35.913266207383856	265744	58.67867867867868	9395	2.0745009715597953	15097	3.333554142377672	0.9299788438447024	0.9459194488606253	0.9459194488606253	0.9453902894111219	0.9150618034105805
000016_10.png	0.4	161097	35.57167461579226	266527	58.85157216039569	8612	1.901607489842784	16644	3.6751457339692633	0.9273104043747302	0.9442324677618795	0.9442324677618795	0.9492543117925389	0.9063581278376964
000016_10.png	0.5	158708	35.04416180886769	267898	59.154301360183716	7241	1.5988782900547607	19033	4.202658540893835	0.9235532020134424	0.941984631690514	0.941984631690514	0.9563661124803403	0.8929172222503531
000016_10.png	0.6	156798	34.62241653418124	268518	59.291202967673556	6621	1.4619766825649179	20943	4.624403815580286	0.919205065072107	0.939136195018548	0.939136195018548	0.9594845152644429	0.8821712491771735
000016_10.png	0.7	155217	34.27331743508214	269667	59.54491255961844	5472	1.208267090620032	22524	4.973502914679385	0.9172768371598262	0.9381822999470059	0.9381822999470059	0.9659466422717174	0.873276284031259
000016_10.png	0.8	152274	33.62347641759406	270654	59.7628510863805	4485	0.9903285638579756	25467	5.623343932167462	0.910457399103139	0.9338632750397456	0.9338632750397456	0.9713892025338258	0.8567184836363022
000016_10.png	0.9	145871	32.20963610669493	271941	60.04703232644409	3198	0.7061473237943826	31870	7.037184243066596	0.8926960619320095	0.9225666843313902	0.9225666843313902	0.9785468474330679	0.8206941561035439
000021_10.png	0.1	72448	15.997173644232468	360158	79.52614379084967	11441	2.5262762762762763	8833	1.9504062886415827	0.87725373857238	0.9552331743508214	0.9552331743508214	0.8636173991822528	0.8913276165401508
000021_10.png	0.2	69801	15.412692103868574	366550	80.93755520226108	5049	1.114864864864865	11480	2.534887829005476	0.8941337722809692	0.9635024730612965	0.9635024730612965	0.9325450901803607	0.858761580197094
000021_10.png	0.3	68100	15.037095919448861	368339	81.33258258258259	3260	0.7198374845433669	13181	2.9104840134251897	0.8922897517704942	0.9636967850203144	0.9636967850203144	0.9543161434977578	0.8378341801897122
000021_10.png	0.4	66269	14.632794559265147	369798	81.6547429782724	1801	0.39767708885355946	15012	3.314785373608903	0.8874262643035534	0.9628753753753754	0.9628753753753754	0.9735419421184075	0.8153073904110432
000021_10.png	0.5	64575	14.258744038155802	370594	81.8305069775658	1005	0.22191308956014838	16706	3.6888358947182476	0.879402972879117	0.960892510157216	0.960892510157216	0.9846752058554438	0.794466111391346
000021_10.png	0.6	62663	13.836557145380675	370812	81.87864334923158	787	0.17377671789436494	18618	4.111022787493376	0.8659236791012291	0.9571520049461226	0.9571520049461226	0.9875965327029157	0.7709427787551827
000021_10.png	0.7	59083	13.046060766649003	371052	81.93163751987281	547	0.12078254725313549	22198	4.901519166225048	0.8385860578663128	0.9497769828652182	0.9497769828652182	0.9908267650511488	0.7268980450535796
000021_10.png	0.8	53976	11.918388977212507	371395	82.00737502208091	204	0.04504504504504504	27305	6.0291909556615435	0.796923099637534	0.9392576399929341	0.9392576399929341	0.996234772978959	0.6640666330384715
000021_10.png	0.9	45306	10.003974562798092	371435	82.01620738385444	164	0.0362126832715068	35975	7.943605370075958	0.7148819338703443	0.9202018194665254	0.9202018194665254	0.9963932263030569	0.5573996382918517
000030_10.png	0.1	78985	17.440602367072955	328708	72.58169934640523	35165	7.764750044161809	10022	2.212948242360007	0.7775759634174555	0.9002230171347818	0.9002230171347818	0.691940429259746	0.8874021144404373
000030_10.png	0.2	77094	17.023052464228936	334967	73.96374315491963	28906	6.3827062356474125	11913	2.6304981452040277	0.790679308947884	0.9098679561914856	0.9098679561914856	0.7273018867924528	0.8661565944251576
000030_10.png	0.3	75153	16.594462109167992	342766	75.68583289171525	21107	4.660616498851793	13854	3.059088500264971	0.8112939703239109	0.9228029500088324	0.9228029500088324	0.7807292748805319	0.844349320839934
000030_10.png	0.4	72724	16.058116940469883	347927	76.82542836954602	15946	3.521021021021021	16283	3.595433668963081	0.8186090490046545	0.928835453100159	0.928835453100159	0.8201646554640803	0.8170593324120575
000030_10.png	0.5	70951	15.666622504857799	353854	78.13416357534004	10019	2.2122858152269917	18056	3.9869281045751634	0.834830594727522	0.9380078608019784	0.9380078608019784	0.8762628133876744	0.7971395508218455
000030_10.png	0.6	69109	15.259892245186363	356832	78.79173290937997	7041	1.5547164811870695	19898	4.393658364246599	0.8368885363623704	0.9405162515456633	0.9405162515456633	0.907537754432042	0.7764445493051109
000030_10.png	0.7	66428	14.667903197314962	360041	79.50030913266207	3832	0.8461402579049638	22579	4.985647412118	0.8341715484061356	0.9416821232997704	0.9416821232997704	0.9454597210361514	0.7463233228847169
000030_10.png	0.8	63345	13.987148913619501	361018	79.71603956898075	2855	0.6304098215862922	25662	5.666401695813461	0.8162647303278847	0.9370318848260025	0.9370318848260025	0.9568731117824774	0.7116855977619738
000030_10.png	0.9	57980	12.802508390743684	362273	79.99315491962551	1600	0.35329447094152977	31027	6.851042218689278	0.7804182061687766	0.9279566331036919	0.9279566331036919	0.9731453507888553	0.6514094397069894
000032_10.png	0.1	71647	15.820305599717365	347055	76.63288288288288	27703	6.11707295530825	6475	1.4297385620915033	0.807417508113956	0.9245318848260025	0.9245318848260025	0.721157523905385	0.9171168172857838
000032_10.png	0.2	70143	15.488208797032327	352101	77.74708532061473	22657	5.0028705175764	7979	1.7618353647765412	0.8207603468248675	0.9323529411764706	0.9323529411764706	0.7558512931034482	0.8978648780113156
000032_10.png	0.3	69292	15.3003003003003	356000	78.60801978449037	18758	4.14193605370076	8830	1.9497438615085674	0.8339792504152325	0.9390832008479068	0.9390832008479068	0.786961953435548	0.886971659711733
000032_10.png	0.4	68504	15.126302773361596	358802	79.22672672672672	15956	3.5232291114644054	9618	2.1237413884472707	0.8427009140003199	0.9435302950008833	0.9435302950008833	0.8110821690741179	0.8768848723790994
000032_10.png	0.5	67432	14.889595477830772	363260	80.21109344638757	11498	2.538862391803568	10690	2.360448683978096	0.8587219519649543	0.9510068892421834	0.9510068892421834	0.8543266185227417	0.8631627454494253
000032_10.png	0.6	67048	14.804804804804805	364276	80.43543543543544	10482	2.3145204027556967	11074	2.4452393570040627	0.8615115771079074	0.9524024024024024	0.9524024024024024	0.8648007223010448	0.8582473566984973
000032_10.png	0.7	66462	14.67541070482247	365820	80.77636459989401	8938	1.9735912382971206	11660	2.574633456986398	0.8658303044514792	0.9545177530471648	0.9545177530471648	0.8814588859416446	0.8507462686567164
000032_10.png	0.8	65332	14.425896484720013	368290	81.32176293941	6468	1.428192898781134	12790	2.8241476770888534	0.8715465375328504	0.9574765942413002	0.9574765942413002	0.90991643454039	0.8362817132177875
000032_10.png	0.9	63437	14.007463345698639	373225	82.41145557322028	1533	0.3385002649708532	14685	3.242580816110228	0.8866603304167948	0.9641891891891892	0.9641891891891892	0.9764044943820225	0.8120247817516193
000037_10.png	0.1	71327	15.749646705529058	368904	81.45733969263381	3533	0.7801183536477654	9116	2.012895248189366	0.9185527645956614	0.9720698639816286	0.9720698639816286	0.9528052364413572	0.8866775232151959
000037_10.png	0.2	70458	15.55776364599894	370465	81.80202261084614	1972	0.43543543543543545	9985	2.2047783077194842	0.9217847494325355	0.9735978625684508	0.9735978625684508	0.9727737125500483	0.8758748430565743
000037_10.png	0.3	70189	15.498366013071895	370896	81.89719130895601	1541	0.34026673732556084	10254	2.264175940646529	0.9224895349372096	0.9739555732202791	0.9739555732202791	0.9785166596960825	0.8725308603607523
000037_10.png	0.4	69324	15.307366189719131	371461	82.02194841900724	976	0.21550962727433315	11119	2.4551757639992933	0.919764101815673	0.9732931460872637	0.9732931460872637	0.9861166429587482	0.8617779048518827
000037_10.png	0.5	69204	15.280869104398516	371741	82.08377495142201	696	0.15368309485956544	11239	2.4816728493199083	0.9206148606852331	0.9736464405582053	0.9736464405582053	0.9900429184549356	0.8602861653593228
000037_10.png	0.6	68968	15.22875816993464	371805	82.09790673025967	632	0.13955131602190426	11475	2.5337837837837838	0.9193097978579474	0.9732666490019432	0.9732666490019432	0.990919540229885	0.8573524110239549
000037_10.png	0.7	68564	15.139551316021905	371901	82.11910439851616	536	0.11835364776541248	11879	2.62299063769652	0.9169804002862053	0.9725865571453807	0.9725865571453807	0.9922431259044863	0.852330221399003
000037_10.png	0.8	67927	14.998895954778307	372094	82.16172054407349	343	0.07573750220809045	12516	2.7636459989401168	0.9135314330287198	0.9716061649885179	0.9716061649885179	0.9949758312582393	0.8444115709259973
000037_10.png	0.9	67199	14.838146970499912	372166	82.17761879526586	271	0.0598392510157216	13244	2.9243949832185128	0.9086287209373077	0.9701576576576577	0.9701576576576577	0.9959834000296428	0.8353616846711336
000042_10.png	0.1	79983	17.660969793322735	359763	79.43892421833598	4786	1.056792086203851	8348	1.8433139021374316	0.9241247833622184	0.9709989401165872	0.9709989401165872	0.9435406811452299	0.9054918431807633
000042_10.png	0.2	79485	17.551006889242185	361325	79.78382794559265	3224	0.7118883589471825	8846	1.9532768062179826	0.929431711880262	0.9733483483483484	0.9733483483483484	0.9610199615519472	0.8998539584064484
000042_10.png	0.3	79186	17.484984984984983	362326	80.00485779897545	2223	0.4908585055643879	9145	2.019298710475181	0.9330269824437375	0.9748984278396043	0.9748984278396043	0.9726934368435922	0.8964689633311068
000042_10.png	0.4	78949	17.43265324147677	362489	80.04084967320262	2060	0.45486663133721955	9382	2.071630453983395	0.9324317940238573	0.9747350291467939	0.9747350291467939	0.9745707267093779	0.8937858735891137
000042_10.png	0.5	78357	17.301934287228406	362997	80.15302066772655	1552	0.34269563681328385	9974	2.202349408231761	0.931490727532097	0.9745495495495495	0.9745495495495495	0.9805779073696329	0.8870838097610125
000042_10.png	0.6	77550	17.12374138844727	363120	80.18018018018019	1429	0.3155361243596538	10781	2.3805423070128953	0.9270216962524654	0.9730392156862745	0.9730392156862745	0.9819065827625065	0.8779477193737193
000042_10.png	0.7	77144	17.034092916445857	363314	80.22301713478184	1235	0.2726991697579933	11187	2.4701907790143083	0.9254873732829464	0.972571100512277	0.972571100512277	0.9842432284157746	0.8733513715456634
000042_10.png	0.8	76380	16.865394806571278	363480	80.25967143614203	1069	0.23604486839780958	11951	2.638888888888889	0.921462178791169	0.971250662427133	0.971250662427133	0.9861973685909438	0.8647020864702086
000042_10.png	0.9	73949	16.32860801978449	363679	80.30361243596538	870	0.1921038685744568	14382	3.175675675675676	0.9065154765553172	0.9663222045574986	0.9663222045574986	0.9883719376094308	0.837180604770692
000047_10.png	0.1	152284	33.62568450803745	269931	59.603206147323796	21354	4.715156332803391	9311	2.055953011835365	0.908526308567474	0.9322889065536124	0.9322889065536124	0.8770200071412939	0.9423806429654383
000047_10.png	0.2	150113	33.14630807277866	272390	60.146175587352054	18895	4.172186892775128	11482	2.5353294470941528	0.9081163812790568	0.9329248366013072	0.9329248366013072	0.8882005585534413	0.9289458213434821
000047_10.png	0.3	147341	32.53422540187246	274378	60.58514396749691	16907	3.7332185126302773	14254	3.147412118000353	0.9043680545538803	0.9311936936936936	0.9311936936936936	0.8970641956066436	0.9117918252421177
000047_10.png	0.4	145305	32.084658187599366	275772	60.89295177530472	15513	3.4254107048224696	16290	3.59697933227345	0.9013594364991486	0.9297760996290408	0.9297760996290408	0.903536917509234	0.899192425508215
000047_10.png	0.5	142794	31.5302066772655	277391	61.25044161808868	13894	3.067920862038509	18801	4.151430842607313	0.8972769516436631	0.9278064829535417	0.9278064829535417	0.9113269682426223	0.8836535783904205
000047_10.png	0.6	139640	30.83377495142201	278657	61.52998586822116	12628	2.7883766119060236	21955	4.847862568450804	0.8898149829702768	0.9236376081964317	0.9236376081964317	0.9170672761184228	0.8641356477613787
000047_10.png	0.7	136019	30.03422540187246	280396	61.91397279632574	10889	2.4043896838014485	25576	5.647412118000354	0.8818001769836922	0.9194819819819819	0.9194819819819819	0.9258787812780788	0.8417277762307002
000047_10.png	0.8	131741	29.089604310192545	283458	62.590090090090094	7827	1.728272390037096	29854	6.5920332096802685	0.8748817085764188	0.9167969440028264	0.9167969440028264	0.9439198096984982	0.8152541848448281
000047_10.png	0.9	120306	26.5646528881823	287572	63.4984984984985	3713	0.8198639816286876	41289	9.116984631690514	0.8424376956311665	0.900631513866808	0.900631513866808	0.9700610390343415	0.7444908567715586
000053_10.png	0.1	168616	37.231937820173115	252521	55.758920685391274	21672	4.78537360890302	10071	2.2237678855325913	0.9139697811504844	0.9299085850556439	0.9299085850556439	0.8861094761624485	0.9436388769188581
000053_10.png	0.2	166706	36.810192545486665	255271	56.36614555732203	18922	4.1781487369722665	11981	2.6455131602190427	0.9151750545544378	0.9317633810280869	0.9317633810280869	0.898064947098498	0.9329497948927454
000053_10.png	0.3	163973	36.20672142730966	257498	56.85788729906377	16695	3.6864069952305245	14714	3.248984278396043	0.9125961792656287	0.9306460872637343	0.9306460872637343	0.9075929328934842	0.9176548937527632
000053_10.png	0.4	161139	35.580948595654476	259124	57.2169228051581	15069	3.327371489136195	17548	3.874757110051228	0.9080939432789981	0.9279787140081258	0.9279787140081258	0.9144817488422773	0.9017947584323426
000053_10.png	0.5	158501	34.99845433668963	260316	57.48012718600954	13877	3.0641671082847552	20186	4.457251369016075	0.9029723840314472	0.9247858152269917	0.9247858152269917	0.9194966875123276	0.8870315132046539
000053_10.png	0.6	154411	34.09534534534534	261746	57.79588411941353	12447	2.748410174880763	24276	5.36036036036036	0.8937244063725419	0.9189122946475887	0.9189122946475887	0.9254036366251543	0.86414232708591
000053_10.png	0.7	149344	32.97650591768239	263299	58.138800565271154	10894	2.405493729023141	29343	6.479199788023317	0.8812805192889283	0.9111530648295354	0.9111530648295354	0.9320136297257829	0.8357854796375785
000053_10.png	0.8	142704	31.51033386327504	266499	58.845389507154216	7694	1.6989047871400813	35983	7.945371842430666	0.8672774511144538	0.9035572337042925	0.9035572337042925	0.948842404819213	0.7986255295572705
000053_10.png	0.9	131733	29.08783783783784	270258	59.67541070482247	3935	0.8688835894718248	46954	10.367867867867869	0.838116142577659	0.8876324854266031	0.8876324854266031	0.9709953710528644	0.7372276662544002
000056_10.png	0.1	62850	13.877848436671966	382243	84.40271153506447	2740	0.6050167814873697	5047	1.1144232467761879	0.9416647313970649	0.9828055997173645	0.9828055997173645	0.9582253392285409	0.9256668188579761
000056_10.png	0.2	61969	13.683315668609787	383692	84.7226638403109	1291	0.28506447624094683	5928	1.3089560148383679	0.9449590948252857	0.9840597950892068	0.9840597950892068	0.9795921593423964	0.9126912823836104
000056_10.png	0.3	61747	13.63429606076665	384070	84.80612965907083	913	0.2015986574810104	6150	1.357975622681505	0.9459010240737762	0.9844042571983749	0.9844042571983749	0.985429300989467	0.9094216239303651
000056_10.png	0.4	61465	13.572027910263204	384288	84.85426603073662	695	0.153462285815227	6432	1.4202437731849498	0.9452009503525377	0.9842629394099982	0.9842629394099982	0.9888191763191764	0.9052682740032697
000056_10.png	0.5	60613	13.38389860448684	384466	84.89357004062886	517	0.1141582759229818	7284	1.6083730789613142	0.9395397862462895	0.9827746864511571	0.9827746864511571	0.991542614101096	0.8927198550745983
000056_10.png	0.6	60112	13.273273273273274	384665	84.93751104045222	318	0.07021727609962904	7785	1.7189984101748808	0.9368566240931371	0.9821078431372549	0.9821078431372549	0.9947377130564289	0.8853410312679499
000056_10.png	0.7	59748	13.192898781134076	384801	84.96754107048224	182	0.04018724606959901	8149	1.7993729023140788	0.9348259757328264	0.9816043985161632	0.9816043985161632	0.9969631236442517	0.8799799696599261
000056_10.png	0.8	57716	12.744214803038332	384899	84.98918035682742	84	0.018547959724430314	10181	2.2480568804098215	0.9183353620213689	0.9773339515986574	0.9773339515986574	0.9985467128027682	0.8500522850788694
000056_10.png	0.9	52875	11.675278219395867	384938	84.99779190955661	45	0.009936406995230525	15022	3.316993464052288	0.8752907289537069	0.9667307012895249	0.9667307012895249	0.9991496598639455	0.7787531113303975
000059_10.png	0.1	43781	9.667240770181946	390853	86.30387740681859	14079	3.1087705352411237	4167	0.9201112877583466	0.8275555723574777	0.9597111817700053	0.9597111817700053	0.7566712754925683	0.9130933511303913
000059_10.png	0.2	42331	9.347067655891186	397083	87.67951775304716	7849	1.733130189012542	5617	1.240284402049108	0.8627710745149193	0.9702658540893835	0.9702658540893835	0.8435831008369868	0.8828522566113289
000059_10.png	0.3	41664	9.199788023317435	399916	88.30506977565801	5016	1.1075781664016957	6284	1.3875640346228582	0.8805850276873652	0.9750485779897544	0.9750485779897544	0.8925449871465295	0.8689413531325603
000059_10.png	0.4	40868	9.024024024024024	402180	88.80498145204028	2752	0.6076664900194312	7080	1.5633280339162692	0.892626244976411	0.978290054760643	0.978290054760643	0.9369096744612563	0.8523400350379577
000059_10.png	0.5	40525	8.948286521815934	403237	89.03837661190602	1695	0.3742713301536831	7423	1.6390655361243596	0.8988776506077544	0.9798666313372195	0.9798666313372195	0.9598531501657982	0.8451864519896555
000059_10.png	0.6	39344	8.687511040452216	404186	89.24792439498322	746	0.16472354707648826	8604	1.8998410174880762	0.8937958608782571	0.9793543543543544	0.9793543543543544	0.9813918682963333	0.8205556019020606
000059_10.png	0.7	38159	8.425852322911146	404601	89.33956014838368	331	0.07308779367602897	9789	2.161499735029147	0.8829218630694833	0.9776541247129482	0.9776541247129482	0.9914003637308392	0.7958413281054476
000059_10.png	0.8	36609	8.08359830418654	404781	89.3793057763646	151	0.033342165695106875	11339	2.5037537537537538	0.8643575577277235	0.9746290408055114	0.9746290408055114	0.995892274211099	0.7635146408609327
000059_10.png	0.9	32278	7.127274333156686	404910	89.40779014308426	22	0.004857798975446035	15670	3.460077724783607	0.8044561858239457	0.9653506447624095	0.9653506447624095	0.9993188854489164	0.6731876199215817
000063_10.png	0.1	61268	13.528528528528529	384724	84.95053877406819	2902	0.6407878466701996	3986	0.880144850733086	0.9467795772036098	0.9847906730259671	0.9847906730259671	0.9547763752532336	0.9389156220308333
000063_10.png	0.2	61229	13.51991697579933	385185	85.05233174350822	2441	0.5389948772301714	4025	0.8887564034622858	0.9498464211473426	0.9857224871930754	0.9857224871930754	0.961661693105073	0.9383179575198455
000063_10.png	0.3	61090	13.489224518636282	385546	85.1320438085144	2080	0.4592828122239887	4164	0.9194488606253313	0.9513798043979319	0.9862126832715068	0.9862126832715068	0.9670729776792781	0.9361878199037607
000063_10.png	0.4	60905	13.44837484543367	385761	85.17951775304716	1865	0.41180886769122066	4349	0.9602985338279456	0.9514622258326564	0.9862789259848084	0.9862789259848084	0.9702883543093834	0.9333527446593313
000063_10.png	0.5	60778	13.420332096802685	385934	85.21771771771772	1692	0.37360890302066774	4476	0.9883412824589295	0.9517083711753468	0.986380498145204	0.986380498145204	0.9729149991996158	0.931406503815858
000063_10.png	0.6	59973	13.242580816110229	386359	85.31156156156156	1267	0.27976505917682387	5281	1.1660925631513868	0.9482346988789983	0.9855414237767179	0.9855414237767179	0.9793109079033312	0.9190700953198271
000063_10.png	0.7	59792	13.202614379084967	386478	85.33783783783784	1148	0.2534887829005476	5462	1.2060590001766471	0.9476203306020888	0.985404522169228	0.985404522169228	0.9811617984903184	0.9162963189996015
000063_10.png	0.8	59306	13.095301183536478	386622	85.36963434022258	1004	0.22169228051580991	5948	1.313372195725137	0.9446338122391769	0.9846493552375906	0.9846493552375906	0.9833526778312054	0.9088484997088301
000063_10.png	0.9	54460	12.02526055467232	387056	85.46546546546547	570	0.12586115527291997	10794	2.3834128245892954	0.9055235941604869	0.9749072602013779	0.9749072602013779	0.9896420134472106	0.8345848530358292
000068_10.png	0.1	60772	13.419007242536654	382218	84.39719130895601	4468	0.9865748101042219	5422	1.197226638403109	0.9247531080237991	0.9781619855149267	0.9781619855149267	0.9315144083384427	0.9180892528023687
000068_10.png	0.2	60162	13.284313725490197	384438	84.88738738738739	2248	0.4963787316728493	6032	1.3319201554495672	0.9356163105346645	0.9817170111287759	0.9817170111287759	0.9639801313892005	0.9088739160649001
000068_10.png	0.3	59816	13.207913796149091	385292	85.07595831125244	1394	0.3078078078078078	6378	1.408320084790673	0.9389972057392233	0.9828387210740152	0.9828387210740152	0.9772259434732887	0.9036468562105326
000068_10.png	0.4	59390	13.113849143260907	385766	85.18062179826886	920	0.20314432079137962	6804	1.5023847376788553	0.9389426421298931	0.9829447094152977	0.9829447094152977	0.984745481677997	0.8972112276037103
000068_10.png	0.5	58830	12.990196078431373	386106	85.25569687334394	580	0.12806924571630454	7364	1.6260378025083908	0.9367536065730391	0.982458929517753	0.982458929517753	0.9902373337821916	0.888751246336526
000068_10.png	0.6	57990	12.80471648118707	386296	85.29765059176825	390	0.08611552729199788	8204	1.8115173997526939	0.9310128919357169	0.9810236707295531	0.9810236707295531	0.9933196300102775	0.8760612744357494
000068_10.png	0.7	57224	12.635576753223813	386360	85.3117823706059	326	0.0719837484543367	8970	1.9806571277159513	0.9248771657615723	0.9794735912382971	0.9794735912382971	0.9943353605560382	0.8644892286309938
000068_10.png	0.8	56893	12.562488959547784	386429	85.32701819466526	257	0.05674792439498322	9301	2.05374492139198	0.9225094045920352	0.9788950715421304	0.9788950715421304	0.9955030621172354	0.8594887754177116
000068_10.png	0.9	48772	10.769298710475182	386618	85.36875110404522	68	0.015015015015015015	17422	3.846935170464582	0.8479579950275571	0.961380498145204	0.961380498145204	0.9986076986076986	0.736803939934133
000073_10.png	0.1	102767	22.691883059530117	331011	73.09022257551669	14982	3.308161102278749	4120	0.9097332626744391	0.9149646539290229	0.9578210563504681	0.9578210563504681	0.8727632506433176	0.9614546202999429
000073_10.png	0.2	102336	22.596714361420243	335430	74.06597774244833	10563	2.332405935347112	4551	1.0049019607843137	0.9312331085692447	0.9666269210386857	0.9666269210386857	0.9064384981266441	0.9574223245109321
000073_10.png	0.3	102091	22.54261614555732	336885	74.38725490196079	9108	2.011128775834658	4796	1.0590001766472354	0.9362453344093614	0.969298710475181	0.969298710475181	0.9180927886042141	0.9551301842132346
000073_10.png	0.4	101666	22.44877230171348	338590	74.76373432255785	7403	1.6346493552375905	5221	1.1528440204910793	0.9415436477801034	0.9721250662427133	0.9721250662427133	0.932125535211655	0.9511540224723306
000073_10.png	0.5	101278	22.363098392510157	340092	75.09538950715421	5901	1.3029941706412294	5609	1.2385179296944002	0.9462315360683153	0.9745848789966437	0.9745848789966437	0.944942572705474	0.9475240206947524
000073_10.png	0.6	99891	22.05683624801272	341465	75.39856032503091	4528	0.9998233527645293	6996	1.544780074191839	0.9454629778614899	0.9745539657304363	0.9745539657304363	0.9566362443616583	0.9345476999073788
000073_10.png	0.7	97043	21.427972089736794	342947	75.72579932874051	3046	0.6725843490549372	9844	2.173644232467762	0.9377222479901052	0.971537714184773	0.971537714184773	0.9695670852940883	0.9079027384059801
000073_10.png	0.8	92817	20.49483306836248	343851	75.92541070482247	2142	0.47297297297297297	14070	3.106783253842077	0.9196813412205345	0.9642024377318495	0.9642024377318495	0.9774428964079234	0.8683656571893682
000073_10.png	0.9	87709	19.366940469881648	345003	76.17978272390037	990	0.21860095389507153	19178	4.234675852322911	0.8968842350679497	0.9554672319378201	0.9554672319378201	0.9888386565801193	0.820576870901045
000074_10.png	0.1	102427	22.616807984455043	329765	72.81509450627098	16171	3.5707030559971735	4517	0.9973944532768062	0.9082742903760719	0.9543190249072602	0.9543190249072602	0.8636486281387544	0.9577629413524835
000074_10.png	0.2	101739	22.464891361950187	333237	73.5817435082141	12699	2.804054054054054	5205	1.149311075781664	0.9191262162235412	0.9604663487016428	0.9604663487016428	0.8890316153725161	0.9513296678635548
000074_10.png	0.3	101185	22.34256315138668	336002	74.19228051580993	9934	2.193517046458223	5759	1.2716392863451687	0.9280345588201575	0.9653484366719661	0.9653484366719661	0.9106003473753363	0.9461493865948534
000074_10.png	0.4	100535	22.199037272566684	338042	74.64273096626037	7894	1.7430665960077725	6409	1.415165165165165	0.9335896328694869	0.9684176823882706	0.9684176823882706	0.9271965986959209	0.9400714392579294
000074_10.png	0.5	100338	22.155537890832008	339075	74.870826709062	6861	1.5149708532061472	6606	1.458664546899841	0.9371121166697021	0.9702636459989401	0.9702636459989401	0.9359975372904598	0.9382293536804309
000074_10.png	0.6	98974	21.854354354354353	340011	75.0775039745628	5925	1.3082935877053523	7970	1.7598480833774952	0.9344089726825998	0.9693185832891715	0.9693185832891715	0.9435170973984499	0.9254750149611012
000074_10.png	0.7	95834	21.1610139551316	340701	75.22986221515633	5235	1.1559353471118177	11110	2.4531884826002472	0.9214231802820017	0.9639087617028793	0.9639087617028793	0.9482037024211183	0.8961138539796529
000074_10.png	0.8	91731	20.255034446210917	342658	75.6619855149267	3278	0.7238120473414591	15213	3.3591679915209327	0.9084390922640416	0.9591701996113761	0.9591701996113761	0.9654980054521151	0.8577479802513465
000074_10.png	0.9	87108	19.234234234234233	345545	76.29946122593181	391	0.08633633633633633	19836	4.379968203497615	0.8959746558117289	0.9553369546016605	0.9553369546016605	0.9955313775014571	0.8145197486535009
000080_10.png	0.1	100358	22.15995407171878	325862	71.95327680621799	20641	4.557719484190073	6019	1.3290496378731673	0.8827492787277461	0.9411323087793676	0.9411323087793676	0.8294118133207713	0.9434182201039698
000080_10.png	0.2	98824	21.821232997703586	330418	72.95928281222399	16085	3.5517134781840665	7553	1.667770711888359	0.8931789629709969	0.9478051580992758	0.9478051580992758	0.8600196677370789	0.9289978096769038
000080_10.png	0.3	97486	21.525790496378733	333010	73.53161985514927	13493	2.9793764352587884	8891	1.9632132132132132	0.8970168755405878	0.9505741035152799	0.9505741035152799	0.8784184395245948	0.9164199027985372
000080_10.png	0.4	96393	21.284446210916798	334547	73.87100335629748	11956	2.6399929341105812	9984	2.204557498675146	0.8978232724495403	0.9515544956721428	0.9515544956721428	0.8896528809679831	0.906145125356045
000080_10.png	0.5	95180	21.016604840134253	335964	74.18388977212507	10539	2.327106518282989	11197	2.472398869457693	0.8975181050090525	0.9520049461225932	0.9520049461225932	0.9003112023382741	0.8947422845163898
000080_10.png	0.6	94506	20.867779544250133	337620	74.54954954954955	8883	1.9614467408585055	11871	2.6212241653418125	0.901061182460456	0.9541732909379969	0.9541732909379969	0.9140817688535531	0.888406328435658
000080_10.png	0.7	93648	20.67832538420774	339292	74.91874227168344	7211	1.592254018724607	12729	2.810678325384208	0.9037811963172422	0.9559706765589119	0.9559706765589119	0.9285041493570232	0.8803406751459432
000080_10.png	0.8	91642	20.235382441264793	341176	75.3347465112171	5327	1.1762497791909556	14735	3.2536212683271506	0.9013405722266482	0.9557012895248189	0.9557012895248189	0.9450649176540956	0.861483215356703
000080_10.png	0.9	87009	19.212374138844726	342803	75.69400282635577	3700	0.8169934640522876	19368	4.276629570747218	0.8829546492394184	0.9490637696520049	0.9490637696520049	0.9592102216979572	0.8179305676979046
000084_10.png	0.1	56933	12.57132132132132	362708	80.08920685391274	23387	5.164061119943473	9852	2.1754107048224696	0.7740457496346147	0.9266052817523406	0.9266052817523406	0.7088271912350598	0.8524818447256121
000084_10.png	0.2	56665	12.512144497438616	364870	80.56659600777247	21225	4.686671966083731	10120	2.234587528705176	0.7833419733886297	0.9307874050521109	0.9307874050521109	0.7275003209654641	0.848468967582541
000084_10.png	0.3	56659	12.510819643172585	366494	80.92518989577813	19601	4.328078078078078	10126	2.2359123829712066	0.7921842776748576	0.9343600953895072	0.9343600953895072	0.7429714135851035	0.8483791270494871
000084_10.png	0.4	56357	12.44413531178237	368822	81.43923335099805	17273	3.814034622858152	10428	2.30259671436142	0.8027205070683332	0.9388336866278043	0.9388336866278043	0.7654081216895288	0.8438571535524444
000084_10.png	0.5	56062	12.378996643702527	370027	81.7053082494259	16068	3.5479597244303127	10723	2.3677353824412646	0.8071410574811936	0.9408430489312842	0.9408430489312842	0.7772355469291556	0.8394399940106311
000084_10.png	0.6	55563	12.268812930577637	371818	82.10077724783608	14277	3.1524907260201376	11222	2.4779190955661545	0.8133650503202196	0.9436959017841371	0.9436959017841371	0.7955756013745704	0.8319682563449876
000084_10.png	0.7	55223	12.193737855502562	373278	82.42315845257022	12817	2.830109521285992	11562	2.5529941706412296	0.8191804190617467	0.9461689630807277	0.9461689630807277	0.8116255144032922	0.8268772928052707
000084_10.png	0.8	54886	12.119325207560502	374571	82.70866454689984	11524	2.544603426956368	11899	2.6274068185832893	0.8241450504898833	0.9482798975446034	0.9482798975446034	0.826471916879988	0.8218312495320805
000084_10.png	0.9	54230	11.974474474474475	377535	83.36314255431903	8560	1.8901254195371842	12555	2.772257551669316	0.8370441829056531	0.953376170287935	0.953376170287935	0.8636725593247332	0.8120086845848619
000093_10.png	0.1	86979	19.205749867514573	341659	75.44139727963257	18620	4.111464405582053	5622	1.2413884472708	0.8776892028254288	0.9464714714714715	0.9464714714714715	0.823672572656938	0.9392879126575306
000093_10.png	0.2	86191	19.03175234057587	345301	76.24558381911324	14978	3.3072778661013955	6410	1.4153859742095036	0.8896217164679775	0.952773361596891	0.952773361596891	0.8519506963595568	0.9307782853316919
000093_10.png	0.3	85542	18.888447270800214	347652	76.76470588235294	12627	2.7881558028616853	7059	1.5586910439851616	0.8968076741626042	0.9565315315315316	0.9565315315315316	0.8713748739418757	0.9237697217092687
000093_10.png	0.4	84894	18.745363010068893	348904	77.04115880586468	11375	2.5117028793499383	7707	1.7017753047164812	0.8989675438132049	0.9578652181593358	0.9578652181593358	0.8818415066116818	0.9167719571062948
000093_10.png	0.5	84437	18.644453276806217	350347	77.35978625684508	9932	2.193075428369546	8164	1.8026850379791557	0.9032144194255763	0.960042395336513	0.960042395336513	0.8947535737371383	0.9118368052180862
000093_10.png	0.6	84054	18.55988341282459	351064	77.51810634163576	9215	2.034755343578873	8547	1.8872549019607843	0.9044385861085705	0.9607798975446035	0.9607798975446035	0.9011997555457869	0.9077007807691062
000093_10.png	0.7	81272	17.945592651475003	353212	77.99240416887476	7067	1.5604575163398693	11329	2.501545663310369	0.8983309384326296	0.9593799682034976	0.9593799682034976	0.9200013584034232	0.8776579086618935
000093_10.png	0.8	76767	16.95084790673026	354907	78.36667549902845	5372	1.1861861861861862	15834	3.496290408055114	0.8786425546526268	0.953175234057587	0.953175234057587	0.9345986681113722	0.8290083260439952
000093_10.png	0.9	63955	14.12184243066596	357215	78.8763027733616	3064	0.6765589118530295	28646	6.325295884119414	0.8013406841247964	0.9299814520402756	0.9299814520402756	0.9542816216296871	0.6906512888629712
000095_10.png	0.1	75222	16.609697933227345	364746	80.53921568627452	5828	1.2868751104045222	7084	1.564211270093623	0.9209579078821715	0.9714891361950185	0.9714891361950185	0.9280937692782233	0.9139309406361626
000095_10.png	0.2	73761	16.28709591944886	368275	81.31845080374492	2299	0.5076399929341106	8545	1.8868132838721074	0.9315257062753369	0.9760554672319378	0.9760554672319378	0.9697738627399421	0.8961801083760601
000095_10.png	0.3	73458	16.22019077901431	369172	81.51651651651652	1402	0.3095742801625155	8848	1.9537184243066597	0.9347823320565517	0.9773670729553082	0.9773670729553082	0.9812717071867486	0.8924987242728355
000095_10.png	0.4	73161	16.154610492845787	369375	81.56134075251722	1199	0.26475004416180886	9145	2.019298710475181	0.9339741871242005	0.9771595124536301	0.9771595124536301	0.9838757396449704	0.8888902388647243
000095_10.png	0.5	72323	15.96957251369016	369767	81.64789789789789	807	0.17819289878113406	9983	2.204336689630807	0.9305823618724105	0.9761747041158806	0.9761747041158806	0.9889648571037878	0.8787087211138921
000095_10.png	0.6	71078	15.694665253488782	370122	81.72628510863805	452	0.09980568804098215	11228	2.479243949832185	0.9240749889492706	0.9742095036212683	0.9742095036212683	0.993680973018314	0.8635822418778704
000095_10.png	0.7	68408	15.105105105105105	370182	81.73953365129836	392	0.0865571453806748	13898	3.068804098215863	0.9054306248593702	0.9684463875640347	0.9684463875640347	0.9943023255813953	0.8311423225524263
000095_10.png	0.8	64291	14.19603426956368	370325	81.77110934463876	249	0.05498145204027557	18015	3.9778749337572865	0.8756248042166623	0.9596714361420243	0.9596714361420243	0.9961419274868298	0.7811216679221442
000095_10.png	0.9	56498	12.475269387034093	370492	81.80798445504328	82	0.0181063416357534	25808	5.698639816286875	0.8135881226329508	0.9428325384207737	0.9428325384207737	0.9985507246376811	0.6864384127524117
000100_10.png	0.1	111297	24.575384207737148	322904	71.30012365306483	8432	1.8618618618618619	10247	2.2626302773361595	0.9225814740978062	0.9587550786080198	0.9587550786080198	0.929574288601759	0.9156930823405516
000100_10.png	0.2	109933	24.274200671259496	325100	71.78502031443207	6236	1.3769652004946122	11611	2.563813813813814	0.924922069891003	0.9605922098569157	0.9605922098569157	0.9463195861202214	0.9044708089251629
000100_10.png	0.3	109102	24.090708355414236	326199	72.02768945416004	5137	1.134296060766649	12442	2.7473061296590706	0.9254441583998846	0.9611839780957429	0.9611839780957429	0.955032869685484	0.8976337787138814
000100_10.png	0.4	108552	23.969263381028085	326849	72.17121533298004	4487	0.9907701819466526	12992	2.868751104045222	0.9254890593094981	0.9614047871400813	0.9614047871400813	0.9603057351887402	0.8931086684657408
000100_10.png	0.5	106852	23.593888005652712	327309	72.27278749337573	4027	0.8891980215509627	14692	3.244126479420597	0.9194614990771137	0.9586667549902844	0.9586667549902844	0.96368112988032	0.8791219640623972
000100_10.png	0.6	101931	22.50728669846317	327887	72.40041512100336	3449	0.7615703939233351	19613	4.330727786610139	0.8983712608626677	0.9490770181946653	0.9490770181946653	0.9672708293793889	0.8386345685513065
000100_10.png	0.7	95594	21.108019784490374	328620	72.56226815050344	2716	0.5997173644232467	25950	5.729994700582936	0.8696134707578665	0.9367028793499381	0.9367028793499381	0.9723731054826569	0.7864970710195485
000100_10.png	0.8	88722	19.5906200317965	329528	72.76276276276276	1808	0.3992227521639286	32822	7.247394453276806	0.836707941567566	0.9235338279455927	0.9235338279455927	0.980028719761405	0.7299578753373264
000100_10.png	0.9	72249	15.953232644409114	330335	72.9409556615439	1001	0.22102985338279457	49295	10.884781840664193	0.741799028717517	0.8889418830595301	0.8889418830595301	0.9863344709897611	0.5944267096689265
000102_10.png	0.1	146903	32.437511040452215	281954	62.25799328740505	9135	2.0170906200317966	14888	3.2874050521109344	0.9244153302562069	0.9469550432785727	0.9469550432785727	0.9414565682718312	0.9079800483339617
000102_10.png	0.2	144982	32.013336866278046	285093	62.95111287758347	5996	1.3239710298533829	16809	3.711579226285109	0.9270867637137952	0.9496444974386151	0.9496444974386151	0.9602856045251627	0.8961067055645864
000102_10.png	0.3	143397	31.66335453100159	286768	63.32096802685038	4321	0.9541158805864688	18394	4.061561561561562	0.9266095654730557	0.9498432255785197	0.9498432255785197	0.9707483177405597	0.886310116137486
000102_10.png	0.4	141913	31.335673909203322	287514	63.48569157392687	3575	0.7893923335099806	19878	4.389242183359831	0.9236752267483297	0.9482136548313019	0.9482136548313019	0.9754275266688661	0.8771377888757719
000102_10.png	0.5	140507	31.025216392863452	288008	63.59477124183007	3081	0.6803126656067833	21284	4.6996996996997	0.9202138981396887	0.9461998763469351	0.9461998763469351	0.9785427751622698	0.8684475650685143
000102_10.png	0.6	138525	30.587572866984633	288556	63.71577459812754	2533	0.5593093093093093	23266	5.13734322557852	0.9148123322183662	0.9430334746511218	0.9430334746511218	0.9820428476229636	0.8561971926744998
000102_10.png	0.7	137410	30.34137078254725	289371	63.89573396926338	1718	0.37934993817346757	24381	5.383545310015898	0.9132690192377351	0.9423710475181063	0.9423710475181063	0.9876516589040308	0.8493055856011769
000102_10.png	0.8	133922	29.57118883589472	289683	63.96462639109698	1406	0.3104575163398693	27869	6.153727256668433	0.9014704545989991	0.9353581522699169	0.9353581522699169	0.9896104279971625	0.8277469080480373
000102_10.png	0.9	120722	26.656509450627098	290582	64.16313372195725	507	0.11195018547959724	41069	9.068406641936054	0.8530987209384496	0.9081964317258435	0.9081964317258435	0.995817832366843	0.746160169601523
000104_10.png	0.1	0	0.0	299004	66.02278749337573	0	0.0	153876	33.97721250662427	0.0	0.6602278749337573	0.6602278749337573	0	0.0
000104_10.png	0.2	0	0.0	299004	66.02278749337573	0	0.0	153876	33.97721250662427	0.0	0.6602278749337573	0.6602278749337573	0	0.0
000104_10.png	0.3	0	0.0	299004	66.02278749337573	0	0.0	153876	33.97721250662427	0.0	0.6602278749337573	0.6602278749337573	0	0.0
000104_10.png	0.4	0	0.0	299004	66.02278749337573	0	0.0	153876	33.97721250662427	0.0	0.6602278749337573	0.6602278749337573	0	0.0
000104_10.png	0.5	0	0.0	299004	66.02278749337573	0	0.0	153876	33.97721250662427	0.0	0.6602278749337573	0.6602278749337573	0	0.0
000104_10.png	0.6	0	0.0	299004	66.02278749337573	0	0.0	153876	33.97721250662427	0.0	0.6602278749337573	0.6602278749337573	0	0.0
000104_10.png	0.7	0	0.0	299004	66.02278749337573	0	0.0	153876	33.97721250662427	0.0	0.6602278749337573	0.6602278749337573	0	0.0
000104_10.png	0.8	0	0.0	299004	66.02278749337573	0	0.0	153876	33.97721250662427	0.0	0.6602278749337573	0.6602278749337573	0	0.0
000104_10.png	0.9	0	0.0	299004	66.02278749337573	0	0.0	153876	33.97721250662427	0.0	0.6602278749337573	0.6602278749337573	0	0.0
000111_10.png	0.1	111009	24.511791202967675	308413	68.10037979155626	17850	3.9414414414414414	15608	3.4463875640346227	0.8690366218353192	0.9261217099452393	0.9261217099452393	0.8614764975671082	0.8767306127929109
000111_10.png	0.2	110602	24.42192192192192	310706	68.60669493022434	15557	3.4351263027733614	16015	3.5362568450803744	0.8750989017944741	0.9302861685214626	0.9302861685214626	0.8766873548458691	0.8735161945078465
000111_10.png	0.3	110098	24.31063416357534	312102	68.91494435612083	14161	3.126876876876877	16519	3.6475446034269563	0.8777085093831215	0.9322557851969616	0.9322557851969616	0.8860364239210037	0.8695356863612311
000111_10.png	0.4	109573	24.194709415297652	313407	69.20310015898251	12856	2.838721074015192	17044	3.763469351704646	0.8799418581306264	0.9339780957428017	0.9339780957428017	0.8949921995605616	0.8653893237085067
000111_10.png	0.5	109464	24.17064122946476	313998	69.33359830418654	12265	2.708222928811164	17153	3.7875375375375375	0.8815442970694112	0.935042395336513	0.935042395336513	0.8992434013258961	0.8645284598434649
000111_10.png	0.6	109126	24.096007772478362	314460	69.4356120826709	11803	2.6062091503267975	17491	3.8621709945239355	0.8816623980997471	0.9353161985514926	0.9353161985514926	0.9023972744337586	0.8618589920784728
000111_10.png	0.7	108704	24.00282635576753	315568	69.68026850379792	10695	2.361552729199788	17913	3.955352411234764	0.8837148803329865	0.9368309485956545	0.9368309485956545	0.9104263854806154	0.8585261062890449
000111_10.png	0.8	108162	23.883147853736087	316886	69.971294824236	9377	2.070526408761703	18455	4.0750309132662075	0.8860073068038468	0.9385444267797209	0.9385444267797209	0.9202222241128476	0.8542454804647085
000111_10.png	0.9	107372	23.70870870870871	319656	70.58293587705353	6607	1.4588853559441795	19245	4.249470058293587	0.8925501670850721	0.9429164458576224	0.9429164458576224	0.9420331815509875	0.8480061919015615
000116_10.png	0.1	145200	32.06147323794383	287776	63.54354354354354	10498	2.318053347465112	9406	2.076929871047518	0.9358564504485923	0.9560501678148737	0.9560501678148737	0.9325745995452736	0.9391614814431523
000116_10.png	0.2	143024	31.580992757463346	289290	63.87784843667197	8984	1.9837484543366897	11582	2.5574103515279987	0.9329254371946486	0.9545884119413531	0.9545884119413531	0.9408978474817115	0.9250869953300648
000116_10.png	0.3	141841	31.31977565801095	290727	64.19515103338632	7547	1.6664458576223282	12765	2.8186274509803924	0.9331828917676007	0.9551492669139728	0.9551492669139728	0.9494805472996493	0.9174352871169295
000116_10.png	0.4	140379	30.99695283518813	291695	64.40889418830595	6579	1.4527027027027026	14227	3.141450273803215	0.9310063535435265	0.9540584702349408	0.9540584702349408	0.9552321071326502	0.9079789917596989
000116_10.png	0.5	139077	30.70945945945946	292423	64.56964317258435	5851	1.2919537184243066	15529	3.428943649531885	0.9286224602215442	0.9527910263204381	0.9527910263204381	0.9596282291896666	0.899557585087254
000116_10.png	0.6	136893	30.227212506624273	293529	64.81385797562268	4745	1.0477389153859742	17713	3.911190602367073	0.9241908696885001	0.9504107048224695	0.9504107048224695	0.9664991033479716	0.8854313545399273
000116_10.png	0.7	135194	29.852057940293236	294290	64.98189365836424	3984	0.8797032326444091	19412	4.2863451686981096	0.9203632600822373	0.9483395159865748	0.9483395159865748	0.9713747862449525	0.8744421303183576
000116_10.png	0.8	129646	28.62700936230348	295581	65.26695813460519	2693	0.5946387564034623	24960	5.511393746687864	0.9036296154315286	0.9389396749690867	0.9389396749690867	0.9796507454340746	0.8385573651734085
000116_10.png	0.9	118200	26.09962904080551	297225	65.62996820349761	1049	0.23162868751104046	36406	8.038774068185832	0.863230541710029	0.9172959724430313	0.9172959724430313	0.9912032805306543	0.7645240158855413
000119_10.png	0.1	68811	15.194091149973502	311813	68.85113054230702	66828	14.756226815050345	5428	1.1985514926691396	0.6557238014465546	0.8404522169228051	0.8404522169228051	0.507309844513746	0.92688479101281
000119_10.png	0.2	68178	15.05431902490726	328040	72.43419890478714	50601	11.173158452570217	6061	1.3383236177353823	0.7064418862489509	0.874885179296944	0.874885179296944	0.5739903518298689	0.9183582753000444
000119_10.png	0.3	67010	14.796414061119943	337892	74.6096096096096	40749	8.997747747747749	7229	1.596228581522699	0.7363817184804229	0.8940602367072955	0.8940602367072955	0.6218506110858489	0.9026253047589542
000119_10.png	0.4	65793	14.527689454160042	341875	75.48909203320969	36766	8.118265324147677	8446	1.8649531884826003	0.744273125261598	0.9001678148736972	0.9001678148736972	0.6415136653048489	0.8862323037756435
000119_10.png	0.5	64883	14.326753223812048	346185	76.44077901430843	32456	7.166578343048931	9356	2.0658894188305954	0.7563090839151873	0.9076753223812047	0.9076753223812047	0.6665673573798786	0.8739745955629791
000119_10.png	0.6	63359	13.99024024024024	350321	77.35404522169227	28320	6.253312135665077	10880	2.4024024024024024	0.7637387143046566	0.9134428546193252	0.9134428546193252	0.6910961070692306	0.8534463018090223
000119_10.png	0.7	62144	13.721957251369016	355066	78.40178413707825	23575	5.205573220279103	12095	2.6706853912736266	0.7770039635404293	0.9212374138844727	0.9212374138844727	0.7249734597930447	0.8370802408437613
000119_10.png	0.8	60105	13.271727609962904	361677	79.86155272919979	16964	3.745804628157569	14134	3.1209150326797386	0.7944722023951146	0.9313328033916269	0.9313328033916269	0.7798855570981847	0.8096148924419779
000119_10.png	0.9	55121	12.171215332980038	369383	81.56310722487193	9258	2.0442501324854265	19118	4.221427309662603	0.795293540521433	0.9373432255785197	0.9373432255785197	0.8561953432019758	0.7424803674618462
000122_10.png	0.1	61283	13.531840664193606	358114	79.07481010422187	29516	6.51739975269387	3967	0.8759494788906553	0.7854327807291299	0.9260665076841548	0.9260665076841548	0.6749303406425181	0.9392030651340996
000122_10.png	0.2	60417	13.340620031796503	364678	80.52420067125949	22952	5.068009185656244	4833	1.0671701112877583	0.8130454383356098	0.93864820703056	0.93864820703056	0.7246938310403147	0.9259310344827586
000122_10.png	0.3	59810	13.206588941883059	368501	81.36835364776542	19129	4.223856209150327	5440	1.2012012012012012	0.8296055871113608	0.9457494258964847	0.9457494258964847	0.7576736467398878	0.9166283524904214
000122_10.png	0.4	59205	13.072999470058294	370356	81.77795442501325	17274	3.814255431902491	6045	1.334790673025967	0.8354676883347798	0.9485095389507154	0.9485095389507154	0.7741340760208685	0.9073563218390804
000122_10.png	0.5	58815	12.986883942766296	372796	82.31672849319908	14834	3.2754813637166578	6435	1.420906200317965	0.8468743475474986	0.9530361243596538	0.9530361243596538	0.7985851810615215	0.9013793103448275
000122_10.png	0.6	57746	12.750839074368486	376317	83.09419713831478	11313	2.498012718600954	7504	1.6569510687157747	0.8598976985905635	0.9584503621268328	0.9584503621268328	0.836183553193646	0.8849961685823755
000122_10.png	0.7	56941	12.573087793676029	379612	83.82176293941	8018	1.7704469175057411	8309	1.8347023494082317	0.8746092820004762	0.9639485073308602	0.9639485073308602	0.8765682969257532	0.8726590038314176
000122_10.png	0.8	55734	12.306571277159513	382035	84.35678325384208	5595	1.2354266030736618	9516	2.101218865924748	0.8806200080582087	0.9666335453100159	0.9666335453100159	0.908770728366678	0.8541609195402299
000122_10.png	0.9	52983	11.69912559618442	385344	85.08744038155803	2286	0.5047694753577107	12267	2.708664546899841	0.8792472556194459	0.9678656597774244	0.9678656597774244	0.9586386581989904	0.812
000129_10.png	0.1	84647	18.690823176117295	360805	79.66900724253665	2662	0.5877936760289701	4766	1.0523759053170818	0.957967881757789	0.9835983041865395	0.9835983041865395	0.969510588828185	0.9466967890575196
000129_10.png	0.2	84407	18.637829005476064	361265	79.77057940293234	2202	0.48622151563328037	5006	1.1053700759583112	0.9590505732238016	0.9840840840840841	0.9840840840840841	0.9745753905483264	0.944012615615179
000129_10.png	0.3	84097	18.569378201731144	361555	79.8346140257905	1912	0.42218689277512805	5316	1.1738208797032326	0.9587965021491033	0.9840399222752164	0.9840399222752164	0.9777697682800637	0.9405455582521557
000129_10.png	0.4	83885	18.52256668433139	361743	79.87612612612612	1724	0.3806747924394983	5528	1.2206323971029853	0.9585652089451612	0.9839869281045751	0.9839869281045751	0.9798619304045135	0.9381745383780882
000129_10.png	0.5	83303	18.394055820526408	361861	79.90218159335807	1606	0.3546193252075605	6110	1.3491432609079668	0.9557370842463946	0.9829623741388447	0.9829623741388447	0.9810856328539966	0.9316654177804122
000129_10.png	0.6	82332	18.17965023847377	362179	79.97239886945769	1288	0.2844020491079315	7081	1.5635488429606077	0.9516335034357608	0.9815204910793146	0.9815204910793146	0.9845969863668979	0.9208056993949426
000129_10.png	0.7	81422	17.978714008125774	362599	80.06513866807984	868	0.1916622504857799	7991	1.7644850733086028	0.9484050948440039	0.9804385267620562	0.9804385267620562	0.9894519382671041	0.9106282084260678
000129_10.png	0.8	80708	17.821056350468115	362785	80.10620915032679	682	0.15059176823882706	8705	1.9221427309662604	0.9450419489119044	0.9792726550079491	0.9792726550079491	0.9916205922103453	0.9026427924351045
000129_10.png	0.9	79554	17.566242713301538	363161	80.18923335099805	306	0.06756756756756757	9859	2.1769563681328385	0.9399490763441305	0.977554760642996	0.977554760642996	0.996168294515402	0.8897363917998501
000132_10.png	0.1	85389	18.854663487016428	322538	71.21930754283696	38841	8.576444091149973	6112	1.3495848789966438	0.7916247549030969	0.9007397102985338	0.9007397102985338	0.6873460516783386	0.9332029158151277
000132_10.png	0.2	84568	18.673379261614556	332647	73.45146617205441	28732	6.344285461932521	6933	1.530869104398516	0.8258553425032105	0.9212484543366897	0.9212484543366897	0.7464077669902912	0.9242303362804778
000132_10.png	0.3	82977	18.32207207207207	339246	74.90858505564388	22133	4.887166578343049	8524	1.8821762939409998	0.8440728138303554	0.9323065712771595	0.9323065712771595	0.7894301208258016	0.9068425481688724
000132_10.png	0.4	82507	18.218291821233	343796	75.91326620738386	17583	3.8824854266030737	8994	1.9859565447800742	0.8612826280983971	0.9413155802861686	0.9413155802861686	0.8243281047057648	0.9017059922842373
000132_10.png	0.5	81190	17.92748630983925	347469	76.724297827239	13910	3.0714538067479245	10311	2.276762056173821	0.870198980712858	0.9465178413707825	0.9465178413707825	0.853732912723449	0.8873127069649512
000132_10.png	0.6	79109	17.467982688570924	351798	77.68018018018019	9581	2.115571453806748	12392	2.736265677442148	0.8780571726667814	0.9514816286875111	0.9514816286875111	0.8919720374337581	0.8645697861225561
000132_10.png	0.7	75842	16.746599540717188	356571	78.73410174880763	4808	1.061649885179297	15659	3.457648825295884	0.8811101881487764	0.9548070128952482	0.9548070128952482	0.9403843769373837	0.8288652583031879
000132_10.png	0.8	70217	15.504548666313372	360086	79.5102455396573	1293	0.28550609432962376	21284	4.6996996996997	0.8615001441620505	0.9501479420597068	0.9501479420597068	0.9819186127814292	0.7673905203221822
000132_10.png	0.9	60589	13.378599187422717	361308	79.78007419183889	71	0.015677442148030383	30912	6.825649178590355	0.7963801499727262	0.9315867337926161	0.9315867337926161	0.99882954170788	0.6621676265833161
000140_10.png	0.1	133812	29.54689984101749	297511	65.69311959017841	13956	3.0816110227874933	7601	1.6783695460166048	0.9254549918563114	0.952400194311959	0.952400194311959	0.9055546532402143	0.9462496375863605
000140_10.png	0.2	133022	29.372460695990107	300021	66.24735029146794	11446	2.5273803214979687	8391	1.8528086910439852	0.9306109884882171	0.9561981098745804	0.9561981098745804	0.9207713818977213	0.9406631639241089
000140_10.png	0.3	132076	29.163575340045927	301275	66.52424483306837	10192	2.2504857798975446	9337	2.0616940469881646	0.9311585901064928	0.9568782017311429	0.9568782017311429	0.9283605589450895	0.9339735385007036
000140_10.png	0.4	131142	28.95733969263381	302041	66.69338456103162	9426	2.081346051934287	10271	2.2679296944002827	0.93014777591398	0.9565072425366543	0.9565072425366543	0.9329434864264982	0.9273687709050794
000140_10.png	0.5	130351	28.78267973856209	302850	66.87201907790143	8617	1.9027115350644763	11062	2.4425896484720013	0.9298133611050677	0.9565469881646352	0.9565469881646352	0.9379929192332047	0.9217752257571793
000140_10.png	0.6	128744	28.427839604310194	304143	67.15752517223106	7324	1.6172054407348524	12669	2.7974297827239005	0.9279482198781178	0.9558536477654125	0.9558536477654125	0.9461739718376107	0.9104113483201686
000140_10.png	0.7	127085	28.061517399752695	305814	67.52649708532061	5653	1.2482335276452923	14328	3.163751987281399	0.9271168078905421	0.9558801448507331	0.9558801448507331	0.9574123461254501	0.89867975362944
000140_10.png	0.8	123897	27.357578166401694	307756	67.9553082494259	3711	0.8194223635400106	17516	3.867691220632397	0.9210953791711428	0.9531288641582759	0.9531288641582759	0.9709187511754749	0.8761358573822774
000140_10.png	0.9	116301	25.680312665606785	310179	68.49032856385797	1288	0.2844020491079315	25112	5.54495672142731	0.8980702851715431	0.9417064122946476	0.9417064122946476	0.9890465944943829	0.82242085239688
000145_10.png	0.1	46584	10.286168521462638	338923	74.83726373432256	60464	13.35099805688041	6909	1.5255696873343931	0.580337733040158	0.8512343225578519	0.8512343225578519	0.4351692698602496	0.8708429140261342
000145_10.png	0.2	44208	9.761526232114468	347786	76.79429429429429	51601	11.393967496908674	9285	2.050211976682565	0.5921956839158217	0.8655582052640877	0.8655582052640877	0.4614180296214343	0.826425887499299
000145_10.png	0.3	43242	9.548224695283519	353240	77.99858682211624	46147	10.189674969086735	10251	2.2635135135135136	0.6052826808135384	0.8754681151739975	0.8754681151739975	0.4837507970779402	0.808367449946722
000145_10.png	0.4	42822	9.455484896661368	358720	79.20862038509097	40667	8.979641406111995	10671	2.356253312135665	0.6252208319341227	0.8866410528175234	0.8866410528175234	0.5129058917941286	0.8005159553586451
000145_10.png	0.5	42249	9.328961314255432	362667	80.08015368309486	36720	8.108108108108109	11244	2.4827768945416	0.6379037006839697	0.8940911499735029	0.8940911499735029	0.5350074079702162	0.7898042734563401
000145_10.png	0.6	41672	9.201554495672143	365980	80.81169404698817	33407	7.376567744214803	11821	2.6101837131248895	0.6482282300967551	0.9001324854266031	0.9001324854266031	0.5550420224030688	0.7790178154151011
000145_10.png	0.7	40607	8.966392863451688	370395	81.78656597774246	28992	6.4016958134605195	12886	2.8453453453453452	0.6597829265914925	0.9075295884119413	0.9075295884119413	0.583442290837512	0.7591086684239059
000145_10.png	0.8	39604	8.744921391980215	376971	83.23860625331214	22416	4.949655537890832	13889	3.0668168168168166	0.6857063707115216	0.9198352764529235	0.9198352764529235	0.6385682038052242	0.7403585515861888
000145_10.png	0.9	38053	8.402446564211271	383640	84.7111817700053	15747	3.4770800211976685	15440	3.409291644585762	0.7093286607700409	0.9311362833421657	0.9311362833421657	0.7073048327137547	0.7113641037145046
000150_10.png	0.1	140762	31.081522699169756	271656	59.98410174880763	32306	7.133456986398163	8156	1.800918565624448	0.874336151261235	0.9106562444797739	0.9106562444797739	0.8133334874153512	0.9452316039699701
000150_10.png	0.2	140079	30.93071012188659	278173	61.42311429076135	25789	5.694444444444445	8839	1.9517311429076134	0.8899951077875128	0.9235382441264794	0.9235382441264794	0.844520944365399	0.9406451872842773
000150_10.png	0.3	138938	30.678767002296414	281892	62.24430312665607	22070	4.8732556085497265	9980	2.203674262497792	0.896588217832644	0.9292307012895248	0.9292307012895248	0.862926065785551	0.932983252528237
000150_10.png	0.4	136646	30.17267267267267	285590	63.06085497261968	18372	4.056703762586116	12272	2.709768592121533	0.899176142345757	0.9323352764529235	0.9323352764529235	0.8814847308054549	0.9175922319665857
000150_10.png	0.5	133110	29.39189189189189	289674	63.96263910969793	14288	3.1549196255078606	15808	3.490549372902314	0.8984327542218442	0.9335453100158982	0.9335453100158982	0.9030651704907801	0.8938476208383137
000150_10.png	0.6	128648	28.4066419360537	293702	64.85205794029324	10260	2.2655007949125596	20270	4.475799328740505	0.8939289709755199	0.9325869987634694	0.9325869987634694	0.9261381633887177	0.8638848225197759
000150_10.png	0.7	117844	26.02102102102102	296886	65.55511393746688	7076	1.5624447977389153	31074	6.861420243773185	0.8606840540757674	0.915761349584879	0.915761349584879	0.9433557476785143	0.7913348285633705
000150_10.png	0.8	100560	22.204557498675147	300082	66.26081964317258	3880	0.8567390920332096	48358	10.677883766119061	0.7938174440909701	0.8846537714184773	0.8846537714184773	0.9628494829567216	0.6752709544850186
000150_10.png	0.9	74302	16.406553612435964	302704	66.83978095742802	1258	0.2777777777777778	74616	16.475887652358242	0.6619980577161236	0.8324633456986398	0.8324633456986398	0.9833509793541556	0.4989457285217368
000163_10.png	0.1	55340	12.21957251369016	371772	82.0906200317965	14579	3.2191750574103515	11189	2.4706323971029853	0.8111515009380863	0.9431019254548666	0.9431019254548666	0.791487292438393	0.8318177035578469
000163_10.png	0.2	49583	10.94837484543367	376695	83.17766295707472	9656	2.1321321321321323	16946	3.741830065359477	0.7884835570256346	0.9412603780250839	0.9412603780250839	0.8369992741268422	0.7452840114837138
000163_10.png	0.3	44241	9.768812930577637	380522	84.022699169758	5829	1.2870959194488607	22288	4.9213919802155095	0.758857280079589	0.9379151210033563	0.9379151210033563	0.8835829838226483	0.6649882006343099
000163_10.png	0.4	42130	9.302685037979156	382871	84.54137961490903	3480	0.7684154742978272	24399	5.38751987281399	0.7513889012743113	0.9384406465288818	0.9384406465288818	0.9237009427757071	0.6332576771032181
000163_10.png	0.5	39320	8.682211623388094	383711	84.72685921215333	2640	0.5829358770535241	27209	6.007993287405052	0.72486611545871	0.9340907083554142	0.9340907083554142	0.9370829361296473	0.5910204572442093
000163_10.png	0.6	35271	7.788155802861685	384812	84.96996996996997	1539	0.33982511923688397	31258	6.902049107931461	0.6826270817406788	0.9275812577283166	0.9275812577283166	0.9581907090464548	0.5301597799455876
000163_10.png	0.7	29276	6.464405582052641	385557	85.13447270800212	794	0.17532238120473415	37253	8.225799328740505	0.6061346390749387	0.9159887829005476	0.9159887829005476	0.9735949451280346	0.44004870056667017
000163_10.png	0.8	23729	5.239577813107225	386090	85.25216392863452	261	0.05763116057233704	42800	9.45062709768592	0.5242877186005148	0.9049174174174174	0.9049174174174174	0.9891204668611921	0.35667152670264096
000163_10.png	0.9	15438	3.408850026497085	386329	85.30493729023141	22	0.004857798975446035	51091	11.28135488429606	0.37658710314798327	0.887137873167285	0.887137873167285	0.9985769728331177	0.23204918155992124
000165_10.png	0.1	40592	8.96308072778661	311520	68.78643349231585	97748	21.583642465995407	3020	0.6668433139021375	0.4461836088638762	0.7774951422010246	0.7774951422010246	0.293422003758855	0.9307530037604329
000165_10.png	0.2	40040	8.841194135311783	326918	72.18645115703939	82350	18.18362480127186	3572	0.7887299063769652	0.4824038264599222	0.8102764529235117	0.8102764529235117	0.32715091102214233	0.9180959368981014
000165_10.png	0.3	39340	8.686627804274863	336338	74.26647235470764	72930	16.103603603603602	4272	0.9432962374138845	0.5047407654507897	0.8295310015898251	0.8295310015898251	0.35040527300258306	0.9020453086306521
000165_10.png	0.4	39340	8.686627804274863	346288	76.46352234587529	62980	13.906553612435966	4272	0.9432962374138845	0.5391552229805663	0.8515015015015015	0.8515015015015015	0.3844800625488663	0.9020453086306521
000165_10.png	0.5	39147	8.644011658717542	356345	78.68419890478714	52923	11.685877053524113	4465	0.9859123829712065	0.5770404327766395	0.8732821056350468	0.8732821056350468	0.42518735744542197	0.8976199211226268
000165_10.png	0.6	37950	8.37970323264441	365488	80.70305599717365	43780	9.667019961137608	5662	1.2502208090443385	0.6055432337125625	0.8908275922981805	0.8908275922981805	0.46433378196500674	0.8701733467852885
000165_10.png	0.7	36955	8.159998233527645	375443	82.90121003356298	33825	7.468865924748278	6657	1.4699258081611022	0.6461116161969368	0.9106120826709062	0.9106120826709062	0.5221107657530376	0.847358525176557
000165_10.png	0.8	34838	7.692545486663134	383906	84.76991697579933	25362	5.600158982511924	8774	1.937378555025614	0.671174816013563	0.9246246246246246	0.9246246246246246	0.5787043189368771	0.7988168394019994
000165_10.png	0.9	30731	6.785682741565094	394249	87.05374492139198	15019	3.316331036919272	12881	2.8442413001236533	0.687786754996531	0.9383942766295708	0.9383942766295708	0.6717158469945356	0.7046455104099789
000172_10.png	0.1	85646	18.91141141141141	284118	62.73582405935347	73612	16.25419537184243	9504	2.098569157392687	0.6732964372189554	0.8164723547076488	0.8164723547076488	0.5377814615278353	0.9001156069364162
000172_10.png	0.2	84835	18.732335276452922	291067	64.2702261084614	66663	14.7197933227345	10315	2.2776452923511745	0.6879034089066199	0.8300256138491433	0.8300256138491433	0.5599743891008462	0.8915922228060956
000172_10.png	0.3	83635	18.467364423246778	296527	65.47584349054937	61203	13.51417594064653	11515	2.542616145557322	0.6969931829924829	0.8394320791379615	0.8394320791379615	0.5774382413455033	0.8789805570152391
000172_10.png	0.4	82215	18.153815580286167	299767	66.19126479420598	57963	12.798754636989932	12935	2.85616498851793	0.6987268833288006	0.8434508037449214	0.8434508037449214	0.5865043016735865	0.8640567524960588
000172_10.png	0.5	80480	17.770711888358946	306051	67.57882882882883	51679	11.411190602367073	14670	3.239268680445151	0.7081109854867164	0.8534954071718778	0.8534954071718778	0.6089634455466522	0.8458223857067788
000172_10.png	0.6	79157	17.47858152269917	312208	68.93835011482071	45522	10.051669316375198	15993	3.5313990461049283	0.7201688585218511	0.8641693163751988	0.8641693163751988	0.6348863882450132	0.8319180241723594
000172_10.png	0.7	77556	17.125066242713302	318857	70.4065094506271	38873	8.583509980568804	17594	3.884914326090797	0.733116235543225	0.875315756933404	0.875315756933404	0.6661227013888292	0.8150919600630583
000172_10.png	0.8	75209	16.606827415650944	330040	72.87581699346406	27690	6.11420243773185	19941	4.403153153153153	0.7594989118854425	0.89482644409115	0.89482644409115	0.7309011749385319	0.7904256437204414
000172_10.png	0.9	71873	15.870208443737855	351124	77.53135488429606	6606	1.458664546899841	23277	5.1397721250662425	0.8278916540439674	0.9340156332803392	0.9340156332803392	0.9158246155022363	0.7553652128218602
000176_10.png	0.1	83985	18.544647588765237	329118	72.67223105458399	36054	7.961049284578697	3723	0.8220720720720721	0.8085315311412439	0.9121687864334923	0.9121687864334923	0.6996476145252792	0.9575523327404569
000176_10.png	0.2	83566	18.45212859918742	338159	74.66856562444798	27013	5.964714714714715	4142	0.9145910616498851	0.842879260869346	0.931206942236354	0.931206942236354	0.7557131100841932	0.9527751174351257
000176_10.png	0.3	83273	18.387431549196254	342526	75.63283872107401	22646	5.000441618088677	4435	0.9792881116410528	0.8601383071575761	0.9402027027027027	0.9402027027027027	0.7861951113586797	0.9494344871619464
000176_10.png	0.4	83012	18.32980038862392	346785	76.5732644409115	18387	4.0600158982511925	4696	1.0369192722133898	0.8779368294140354	0.9490306482953542	0.9490306482953542	0.818666850757897	0.9464587038810599
000176_10.png	0.5	82609	18.24081434375552	350442	77.38076311605724	14730	3.252517223105458	5099	1.1259053170817876	0.8928434397747599	0.9562157745981276	0.9562157745981276	0.8486731936839293	0.9418639120718748
000176_10.png	0.6	82391	18.192677972089736	352384	77.80957428016252	12788	2.823706059000177	5317	1.174041688747571	0.9010044453679048	0.9600225225225225	0.9600225225225225	0.8656426312526923	0.9393783919368814
000176_10.png	0.7	81937	18.092430665960077	354290	78.23043631867161	10882	2.4028440204910795	5771	1.2742889948772302	0.9077534108471309	0.9632286698463169	0.9632286698463169	0.8827610726252169	0.9342021252337301
000176_10.png	0.8	81755	18.05224341989048	355708	78.54354354354355	9464	2.0897367956191486	5953	1.3144762409468291	0.9138363690220034	0.9659578696343403	0.9659578696343403	0.8962496848244335	0.9321270579650659
000176_10.png	0.9	81591	18.016030736618973	357934	79.03506447624095	7238	1.5982158629217453	6117	1.350688924218336	0.9243501362320646	0.9705109521285992	0.9705109521285992	0.9185176012338313	0.9302572171295663
000183_10.png	0.1	87967	19.423909203320967	357222	78.87784843667197	3132	0.6915739268680445	4559	1.0066684331390214	0.9581157249829816	0.9830175763999294	0.9830175763999294	0.9656198201956113	0.9507273631195556
000183_10.png	0.2	87776	19.38173467585232	358031	79.05648295354177	2323	0.5129394099982335	4750	1.0488429606076666	0.9612703627652293	0.984382176293941	0.984382176293941	0.9742172499139835	0.9486630784860471
000183_10.png	0.3	87539	19.32940293234411	358594	79.18079844550432	1760	0.38862391803568275	4987	1.1011747041158806	0.9628928915165681	0.9851020137784844	0.9851020137784844	0.9802909327092129	0.9461016362968246
000183_10.png	0.4	87110	19.234675852322912	359095	79.29142377671789	1259	0.27799858682211626	5416	1.1959017841370783	0.9631001409657536	0.9852609962904081	0.9852609962904081	0.9857529224049157	0.9414651017011435
000183_10.png	0.5	86971	19.203983395159867	359256	79.32697403285638	1098	0.2424483306836248	5555	1.2265942413001236	0.9631606633627731	0.9853095742801625	0.9853095742801625	0.9875325029238438	0.9399628212610509
000183_10.png	0.6	86655	19.134207737148913	359440	79.36760289701466	914	0.20181946652534888	5871	1.2963698993110757	0.9623254393514534	0.9850181063416358	0.9850181063416358	0.9895625164156265	0.9365475650087542
000183_10.png	0.7	86337	19.063990461049286	359522	79.38570923865042	832	0.18371312488959549	6189	1.3665871754107048	0.9609282395169593	0.984496996996997	0.984496996996997	0.9904553224196675	0.9331106932105571
000183_10.png	0.8	86337	19.063990461049286	359522	79.38570923865042	832	0.18371312488959549	6189	1.3665871754107048	0.9609282395169593	0.984496996996997	0.984496996996997	0.9904553224196675	0.9331106932105571
000183_10.png	0.9	85358	18.847818406641935	359843	79.45658894188306	511	0.11283342165695107	7168	1.5827592298180533	0.9569550716107514	0.9830440734852499	0.9830440734852499	0.9940490747534034	0.9225298834922075
000190_10.png	0.1	140969	31.12723017134782	300106	66.2661190602367	3770	0.8324500971559795	8035	1.7742006712594949	0.9598118082813888	0.9739334923158453	0.9739334923158453	0.9739531156080946	0.9460752731470297
000190_10.png	0.2	139227	30.742580816110227	301124	66.49090266737326	2752	0.6076664900194312	9777	2.158850026497085	0.9569425017956376	0.9723348348348348	0.9723348348348348	0.9806168517879404	0.9343843118305549
000190_10.png	0.3	136705	30.185700406288642	301962	66.67594064652889	1914	0.422628510863805	12299	2.7157304363186716	0.9505846194497658	0.9686164105281753	0.9686164105281753	0.9861923690114631	0.9174585917156587
000190_10.png	0.4	134688	29.740328563857975	303105	66.92832538420774	771	0.17024377318494965	14316	3.1611022787493375	0.9469632254458401	0.9666865394806571	0.9666865394806571	0.9943082408699311	0.9039220423612789
000190_10.png	0.5	133217	29.415518459636107	303364	66.9855149266914	512	0.11305423070128952	15787	3.4859123829712066	0.9423519716481628	0.9640103338632751	0.9640103338632751	0.9961713614847939	0.8940498241657943
000190_10.png	0.6	131269	28.985382441264793	303616	67.04115880586468	260	0.05741035152799859	17735	3.916048401342519	0.9358542488762462	0.9602654124712948	0.9602654124712948	0.9980232496255579	0.8809763496281979
000190_10.png	0.7	128113	28.288509097332625	303690	67.05749867514574	186	0.04107048224695284	20891	4.6129217452746865	0.9239928886452725	0.9534600777247836	0.9534600777247836	0.9985502614985308	0.859795710182277
000190_10.png	0.8	123691	27.312091503267975	303858	67.0945945945946	18	0.00397456279809221	25313	5.58933933933934	0.9071148056748303	0.9440668609786257	0.9440668609786257	0.9998544972475729	0.8301186545327642
000190_10.png	0.9	116691	25.766428192898783	303858	67.0945945945946	18	0.00397456279809221	32313	7.135002649708532	0.8783236047916361	0.9286102278749337	0.9286102278749337	0.9998457702490811	0.7831400499315455
000195_10.png	0.1	123236	27.211623388093976	312955	69.10329447094153	5933	1.31006006006006	10756	2.375022080904434	0.9365825483259298	0.9631491785903551	0.9631491785903551	0.9540679265148758	0.919726550838856
000195_10.png	0.2	120192	26.539480657127715	314671	69.48220279102632	4217	0.9311517399752693	13800	3.047164811870694	0.9302750376353033	0.9602168344815404	0.9602168344815404	0.9661037384755122	0.8970087766433817
000195_10.png	0.3	117442	25.93225578519696	316081	69.79354354354355	2807	0.6198109874580463	16550	3.6543896838014485	0.9238635782584241	0.957257993287405	0.957257993287405	0.9766567705344743	0.8764851632933309
000195_10.png	0.4	113542	25.07110051227698	317061	70.00993640699524	1827	0.4034181240063593	20450	4.515544956721428	0.9106636563055169	0.9508103691927221	0.9508103691927221	0.9841638568419593	0.8473789479968953
000195_10.png	0.5	111436	24.606076664900193	317085	70.01523582405936	1803	0.39811870694223633	22556	4.9805688040982155	0.9014727117554029	0.9462131248895955	0.9462131248895955	0.9840779236835366	0.8316615917368201
000195_10.png	0.6	108174	23.885797562268152	317553	70.11857445680975	1335	0.2947800741918389	25818	5.700847906730259	0.8884891643155469	0.940043720190779	0.940043720190779	0.9878092211599047	0.8073168547375963
000195_10.png	0.7	106424	23.499381734675854	317703	70.15169581346052	1185	0.2616587175410705	27568	6.0872637343225575	0.880989731002769	0.9365107754813637	0.9365107754813637	0.988987909933184	0.7942563735148367
000195_10.png	0.8	101248	22.356474121180003	318147	70.24973502914679	741	0.16361950185479598	32744	7.230171347818406	0.8581029828672647	0.926062091503268	0.926062091503268	0.9927345105844748	0.7556272016239776
000195_10.png	0.9	86072	19.005476064299593	318381	70.30140434552199	507	0.11195018547959724	47920	10.581169404698816	0.7804471122677051	0.8930688040982159	0.8930688040982159	0.9941440765081602	0.6423667084602066
000198_10.png	0.1	97055	21.430621798268856	309732	68.39162692103868	4084	0.9017841370782548	42009	9.275967143614203	0.8081081418633406	0.8982224871930754	0.8982224871930754	0.9596199290085922	0.6979160674221941
000198_10.png	0.2	85821	18.95005299417064	311938	68.87873167284933	1878	0.41467938526762055	53243	11.756535947712418	0.756922425616172	0.8782878466701997	0.8782878466701997	0.9785858447644785	0.6171331185641143
000198_10.png	0.3	78329	17.295751633986928	312526	69.00856739092033	1290	0.28484366719660836	60735	13.41083730789613	0.7163702711230411	0.8630431902490726	0.8630431902490726	0.9837978371996634	0.5632586435022723
000198_10.png	0.4	72243	15.951907790143084	312809	69.07105635046811	1007	0.22235470764882528	66821	14.754681151739975	0.6805297813615683	0.850229641406112	0.850229641406112	0.9862525597269625	0.5194946211816143
000198_10.png	0.5	67868	14.985868221162338	313194	69.15606783253843	622	0.1373432255785197	71196	15.72072072072072	0.6539792054116037	0.8414193605370076	0.8414193605370076	0.9909183822455833	0.4880342863717425
000198_10.png	0.6	62538	13.808956014838367	313194	69.15606783253843	622	0.1373432255785197	76526	16.897632927044693	0.6185022549252315	0.8296502384737678	0.8296502384737678	0.9901519949335023	0.44970660990623024
000198_10.png	0.7	52254	11.538155802861684	313500	69.22363540010599	316	0.06977565801095213	86810	19.168433139021374	0.5453520773975391	0.8076179120296767	0.8076179120296767	0.9939889670914971	0.3757550480354369
000198_10.png	0.8	45179	9.975931814167108	313605	69.24682034976152	211	0.04659070835541424	93885	20.73065712771595	0.48986739241220034	0.7922275216392863	0.7922275216392863	0.9953513989865609	0.3248791923143301
000198_10.png	0.9	33400	7.375022080904434	313716	69.2713301536831	100	0.02208090443384561	105664	23.331566860978626	0.38710275607890404	0.7664635223458753	0.7664635223458753	0.9970149253731343	0.24017718460564919
